"comunidad","sexo","edad","fecha","Total"
"Andalucía","Hombres","De 10 a 14 años","2022","227.98"
"Andalucía","Hombres","De 10 a 14 años","2021","153.28"
"Andalucía","Hombres","De 15 a 19 años","2022","286.49"
"Andalucía","Hombres","De 15 a 19 años","2021","269.01"
"Andalucía","Hombres","De 20 a 24 años","2022","299.69"
"Andalucía","Hombres","De 20 a 24 años","2021","293.54"
"Andalucía","Hombres","De 25 a 29 años","2022","278.08"
"Andalucía","Hombres","De 25 a 29 años","2021","265.40"
"Andalucía","Hombres","De 30 a 34 años","2022","234.99"
"Andalucía","Hombres","De 30 a 34 años","2021","205.89"
"Andalucía","Hombres","De 35 a 39 años","2022","187.39"
"Andalucía","Hombres","De 35 a 39 años","2021","160.12"
"Andalucía","Hombres","De 40 a 44 años","2022","157.10"
"Andalucía","Hombres","De 40 a 44 años","2021","130.81"
"Andalucía","Hombres","De 45 a 49 años","2022","139.25"
"Andalucía","Hombres","De 45 a 49 años","2021","128.05"
"Andalucía","Hombres","De 50 a 54 años","2022","137.35"
"Andalucía","Hombres","De 50 a 54 años","2021","133.22"
"Andalucía","Hombres","De 55 a 59 años","2022","127.37"
"Andalucía","Hombres","De 55 a 59 años","2021","148.03"
"Andalucía","Hombres","De 60 a 64 años","2022","131.02"
"Andalucía","Hombres","De 60 a 64 años","2021","158.81"
"Andalucía","Hombres","De 65 a 69 años","2022","121.17"
"Andalucía","Hombres","De 65 a 69 años","2021","152.58"
"Andalucía","Hombres","De 70 a 74 años","2022","80.41"
"Andalucía","Hombres","De 70 a 74 años","2021","123.30"
"Andalucía","Hombres","75 y más años","2022","56.49"
"Andalucía","Hombres","75 y más años","2021","97.33"
"Andalucía","Mujeres","De 10 a 14 años","2022","230.20"
"Andalucía","Mujeres","De 10 a 14 años","2021","143.94"
"Andalucía","Mujeres","De 15 a 19 años","2022","267.94"
"Andalucía","Mujeres","De 15 a 19 años","2021","204.84"
"Andalucía","Mujeres","De 20 a 24 años","2022","313.25"
"Andalucía","Mujeres","De 20 a 24 años","2021","240.08"
"Andalucía","Mujeres","De 25 a 29 años","2022","276.82"
"Andalucía","Mujeres","De 25 a 29 años","2021","206.08"
"Andalucía","Mujeres","De 30 a 34 años","2022","229.05"
"Andalucía","Mujeres","De 30 a 34 años","2021","158.97"
"Andalucía","Mujeres","De 35 a 39 años","2022","187.81"
"Andalucía","Mujeres","De 35 a 39 años","2021","133.00"
"Andalucía","Mujeres","De 40 a 44 años","2022","166.96"
"Andalucía","Mujeres","De 40 a 44 años","2021","121.54"
"Andalucía","Mujeres","De 45 a 49 años","2022","155.71"
"Andalucía","Mujeres","De 45 a 49 años","2021","120.16"
"Andalucía","Mujeres","De 50 a 54 años","2022","155.48"
"Andalucía","Mujeres","De 50 a 54 años","2021","132.29"
"Andalucía","Mujeres","De 55 a 59 años","2022","151.70"
"Andalucía","Mujeres","De 55 a 59 años","2021","138.77"
"Andalucía","Mujeres","De 60 a 64 años","2022","143.49"
"Andalucía","Mujeres","De 60 a 64 años","2021","142.33"
"Andalucía","Mujeres","De 65 a 69 años","2022","127.44"
"Andalucía","Mujeres","De 65 a 69 años","2021","139.79"
"Andalucía","Mujeres","De 70 a 74 años","2022","94.83"
"Andalucía","Mujeres","De 70 a 74 años","2021","116.78"
"Andalucía","Mujeres","75 y más años","2022","68.37"
"Andalucía","Mujeres","75 y más años","2021","97.64"
"Aragón","Hombres","De 10 a 14 años","2022","190.19"
"Aragón","Hombres","De 10 a 14 años","2021","107.43"
"Aragón","Hombres","De 15 a 19 años","2022","268.13"
"Aragón","Hombres","De 15 a 19 años","2021","195.72"
"Aragón","Hombres","De 20 a 24 años","2022","247.78"
"Aragón","Hombres","De 20 a 24 años","2021","195.14"
"Aragón","Hombres","De 25 a 29 años","2022","222.00"
"Aragón","Hombres","De 25 a 29 años","2021","174.99"
"Aragón","Hombres","De 30 a 34 años","2022","195.21"
"Aragón","Hombres","De 30 a 34 años","2021","125.88"
"Aragón","Hombres","De 35 a 39 años","2022","142.94"
"Aragón","Hombres","De 35 a 39 años","2021","105.97"
"Aragón","Hombres","De 40 a 44 años","2022","120.19"
"Aragón","Hombres","De 40 a 44 años","2021","83.52"
"Aragón","Hombres","De 45 a 49 años","2022","100.64"
"Aragón","Hombres","De 45 a 49 años","2021","77.54"
"Aragón","Hombres","De 50 a 54 años","2022","98.37"
"Aragón","Hombres","De 50 a 54 años","2021","86.12"
"Aragón","Hombres","De 55 a 59 años","2022","100.88"
"Aragón","Hombres","De 55 a 59 años","2021","89.70"
"Aragón","Hombres","De 60 a 64 años","2022","96.00"
"Aragón","Hombres","De 60 a 64 años","2021","80.18"
"Aragón","Hombres","De 65 a 69 años","2022","116.26"
"Aragón","Hombres","De 65 a 69 años","2021","95.47"
"Aragón","Hombres","De 70 a 74 años","2022","118.54"
"Aragón","Hombres","De 70 a 74 años","2021","100.61"
"Aragón","Hombres","75 y más años","2022","146.17"
"Aragón","Hombres","75 y más años","2021","101.66"
"Aragón","Mujeres","De 10 a 14 años","2022","211.68"
"Aragón","Mujeres","De 10 a 14 años","2021","109.73"
"Aragón","Mujeres","De 15 a 19 años","2022","267.14"
"Aragón","Mujeres","De 15 a 19 años","2021","163.73"
"Aragón","Mujeres","De 20 a 24 años","2022","279.94"
"Aragón","Mujeres","De 20 a 24 años","2021","157.29"
"Aragón","Mujeres","De 25 a 29 años","2022","236.97"
"Aragón","Mujeres","De 25 a 29 años","2021","133.97"
"Aragón","Mujeres","De 30 a 34 años","2022","183.60"
"Aragón","Mujeres","De 30 a 34 años","2021","104.17"
"Aragón","Mujeres","De 35 a 39 años","2022","158.11"
"Aragón","Mujeres","De 35 a 39 años","2021","85.18"
"Aragón","Mujeres","De 40 a 44 años","2022","136.32"
"Aragón","Mujeres","De 40 a 44 años","2021","73.87"
"Aragón","Mujeres","De 45 a 49 años","2022","121.45"
"Aragón","Mujeres","De 45 a 49 años","2021","77.36"
"Aragón","Mujeres","De 50 a 54 años","2022","130.25"
"Aragón","Mujeres","De 50 a 54 años","2021","84.03"
"Aragón","Mujeres","De 55 a 59 años","2022","140.90"
"Aragón","Mujeres","De 55 a 59 años","2021","86.51"
"Aragón","Mujeres","De 60 a 64 años","2022","145.89"
"Aragón","Mujeres","De 60 a 64 años","2021","93.31"
"Aragón","Mujeres","De 65 a 69 años","2022","168.47"
"Aragón","Mujeres","De 65 a 69 años","2021","97.40"
"Aragón","Mujeres","De 70 a 74 años","2022","182.01"
"Aragón","Mujeres","De 70 a 74 años","2021","119.31"
"Aragón","Mujeres","75 y más años","2022","197.97"
"Aragón","Mujeres","75 y más años","2021","104.88"
"Asturias","Hombres","De 10 a 14 años","2022","296.85"
"Asturias","Hombres","De 10 a 14 años","2021","126.75"
"Asturias","Hombres","De 15 a 19 años","2022","343.07"
"Asturias","Hombres","De 15 a 19 años","2021","189.50"
"Asturias","Hombres","De 20 a 24 años","2022","330.08"
"Asturias","Hombres","De 20 a 24 años","2021","192.67"
"Asturias","Hombres","De 25 a 29 años","2022","336.94"
"Asturias","Hombres","De 25 a 29 años","2021","199.03"
"Asturias","Hombres","De 30 a 34 años","2022","243.81"
"Asturias","Hombres","De 30 a 34 años","2021","144.71"
"Asturias","Hombres","De 35 a 39 años","2022","208.33"
"Asturias","Hombres","De 35 a 39 años","2021","106.12"
"Asturias","Hombres","De 40 a 44 años","2022","161.03"
"Asturias","Hombres","De 40 a 44 años","2021","99.18"
"Asturias","Hombres","De 45 a 49 años","2022","141.76"
"Asturias","Hombres","De 45 a 49 años","2021","93.52"
"Asturias","Hombres","De 50 a 54 años","2022","143.39"
"Asturias","Hombres","De 50 a 54 años","2021","83.48"
"Asturias","Hombres","De 55 a 59 años","2022","125.62"
"Asturias","Hombres","De 55 a 59 años","2021","104.09"
"Asturias","Hombres","De 60 a 64 años","2022","168.69"
"Asturias","Hombres","De 60 a 64 años","2021","92.09"
"Asturias","Hombres","De 65 a 69 años","2022","128.16"
"Asturias","Hombres","De 65 a 69 años","2021","93.69"
"Asturias","Hombres","De 70 a 74 años","2022","95.95"
"Asturias","Hombres","De 70 a 74 años","2021","92.72"
"Asturias","Hombres","75 y más años","2022","109.83"
"Asturias","Hombres","75 y más años","2021","70.52"
"Asturias","Mujeres","De 10 a 14 años","2022","320.96"
"Asturias","Mujeres","De 10 a 14 años","2021","129.40"
"Asturias","Mujeres","De 15 a 19 años","2022","333.48"
"Asturias","Mujeres","De 15 a 19 años","2021","195.56"
"Asturias","Mujeres","De 20 a 24 años","2022","365.50"
"Asturias","Mujeres","De 20 a 24 años","2021","187.85"
"Asturias","Mujeres","De 25 a 29 años","2022","298.82"
"Asturias","Mujeres","De 25 a 29 años","2021","157.89"
"Asturias","Mujeres","De 30 a 34 años","2022","237.18"
"Asturias","Mujeres","De 30 a 34 años","2021","114.27"
"Asturias","Mujeres","De 35 a 39 años","2022","195.20"
"Asturias","Mujeres","De 35 a 39 años","2021","93.64"
"Asturias","Mujeres","De 40 a 44 años","2022","172.88"
"Asturias","Mujeres","De 40 a 44 años","2021","85.16"
"Asturias","Mujeres","De 45 a 49 años","2022","184.13"
"Asturias","Mujeres","De 45 a 49 años","2021","91.51"
"Asturias","Mujeres","De 50 a 54 años","2022","166.67"
"Asturias","Mujeres","De 50 a 54 años","2021","124.97"
"Asturias","Mujeres","De 55 a 59 años","2022","190.84"
"Asturias","Mujeres","De 55 a 59 años","2021","113.11"
"Asturias","Mujeres","De 60 a 64 años","2022","170.29"
"Asturias","Mujeres","De 60 a 64 años","2021","106.45"
"Asturias","Mujeres","De 65 a 69 años","2022","167.11"
"Asturias","Mujeres","De 65 a 69 años","2021","123.96"
"Asturias","Mujeres","De 70 a 74 años","2022","211.45"
"Asturias","Mujeres","De 70 a 74 años","2021","105.40"
"Asturias","Mujeres","75 y más años","2022","179.73"
"Asturias","Mujeres","75 y más años","2021","125.00"
"Balears","Hombres","De 10 a 14 años","2022","162.16"
"Balears","Hombres","De 10 a 14 años","2021","113.95"
"Balears","Hombres","De 15 a 19 años","2022","230.44"
"Balears","Hombres","De 15 a 19 años","2021","209.00"
"Balears","Hombres","De 20 a 24 años","2022","302.75"
"Balears","Hombres","De 20 a 24 años","2021","192.04"
"Balears","Hombres","De 25 a 29 años","2022","272.51"
"Balears","Hombres","De 25 a 29 años","2021","166.23"
"Balears","Hombres","De 30 a 34 años","2022","213.80"
"Balears","Hombres","De 30 a 34 años","2021","136.51"
"Balears","Hombres","De 35 a 39 años","2022","170.31"
"Balears","Hombres","De 35 a 39 años","2021","116.72"
"Balears","Hombres","De 40 a 44 años","2022","138.53"
"Balears","Hombres","De 40 a 44 años","2021","107.45"
"Balears","Hombres","De 45 a 49 años","2022","119.45"
"Balears","Hombres","De 45 a 49 años","2021","103.06"
"Balears","Hombres","De 50 a 54 años","2022","121.27"
"Balears","Hombres","De 50 a 54 años","2021","111.27"
"Balears","Hombres","De 55 a 59 años","2022","119.68"
"Balears","Hombres","De 55 a 59 años","2021","127.42"
"Balears","Hombres","De 60 a 64 años","2022","107.71"
"Balears","Hombres","De 60 a 64 años","2021","125.92"
"Balears","Hombres","De 65 a 69 años","2022","106.32"
"Balears","Hombres","De 65 a 69 años","2021","150.38"
"Balears","Hombres","De 70 a 74 años","2022","90.57"
"Balears","Hombres","De 70 a 74 años","2021","118.31"
"Balears","Hombres","75 y más años","2022","65.46"
"Balears","Hombres","75 y más años","2021","110.43"
"Balears","Mujeres","De 10 a 14 años","2022","185.78"
"Balears","Mujeres","De 10 a 14 años","2021","118.55"
"Balears","Mujeres","De 15 a 19 años","2022","230.63"
"Balears","Mujeres","De 15 a 19 años","2021","183.36"
"Balears","Mujeres","De 20 a 24 años","2022","336.67"
"Balears","Mujeres","De 20 a 24 años","2021","210.45"
"Balears","Mujeres","De 25 a 29 años","2022","265.10"
"Balears","Mujeres","De 25 a 29 años","2021","152.46"
"Balears","Mujeres","De 30 a 34 años","2022","195.97"
"Balears","Mujeres","De 30 a 34 años","2021","126.04"
"Balears","Mujeres","De 35 a 39 años","2022","161.95"
"Balears","Mujeres","De 35 a 39 años","2021","101.74"
"Balears","Mujeres","De 40 a 44 años","2022","140.26"
"Balears","Mujeres","De 40 a 44 años","2021","96.49"
"Balears","Mujeres","De 45 a 49 años","2022","137.73"
"Balears","Mujeres","De 45 a 49 años","2021","99.30"
"Balears","Mujeres","De 50 a 54 años","2022","130.90"
"Balears","Mujeres","De 50 a 54 años","2021","104.95"
"Balears","Mujeres","De 55 a 59 años","2022","130.97"
"Balears","Mujeres","De 55 a 59 años","2021","107.06"
"Balears","Mujeres","De 60 a 64 años","2022","128.39"
"Balears","Mujeres","De 60 a 64 años","2021","111.03"
"Balears","Mujeres","De 65 a 69 años","2022","117.21"
"Balears","Mujeres","De 65 a 69 años","2021","133.40"
"Balears","Mujeres","De 70 a 74 años","2022","110.08"
"Balears","Mujeres","De 70 a 74 años","2021","124.32"
"Balears","Mujeres","75 y más años","2022","84.33"
"Balears","Mujeres","75 y más años","2021","105.69"
"Canarias","Hombres","De 10 a 14 años","2022","218.68"
"Canarias","Hombres","De 10 a 14 años","2021","139.49"
"Canarias","Hombres","De 15 a 19 años","2022","351.58"
"Canarias","Hombres","De 15 a 19 años","2021","281.31"
"Canarias","Hombres","De 20 a 24 años","2022","295.00"
"Canarias","Hombres","De 20 a 24 años","2021","226.54"
"Canarias","Hombres","De 25 a 29 años","2022","252.34"
"Canarias","Hombres","De 25 a 29 años","2021","179.95"
"Canarias","Hombres","De 30 a 34 años","2022","205.41"
"Canarias","Hombres","De 30 a 34 años","2021","147.90"
"Canarias","Hombres","De 35 a 39 años","2022","177.27"
"Canarias","Hombres","De 35 a 39 años","2021","130.27"
"Canarias","Hombres","De 40 a 44 años","2022","156.01"
"Canarias","Hombres","De 40 a 44 años","2021","114.48"
"Canarias","Hombres","De 45 a 49 años","2022","141.42"
"Canarias","Hombres","De 45 a 49 años","2021","112.83"
"Canarias","Hombres","De 50 a 54 años","2022","136.84"
"Canarias","Hombres","De 50 a 54 años","2021","121.39"
"Canarias","Hombres","De 55 a 59 años","2022","143.72"
"Canarias","Hombres","De 55 a 59 años","2021","132.93"
"Canarias","Hombres","De 60 a 64 años","2022","142.07"
"Canarias","Hombres","De 60 a 64 años","2021","155.04"
"Canarias","Hombres","De 65 a 69 años","2022","133.94"
"Canarias","Hombres","De 65 a 69 años","2021","143.69"
"Canarias","Hombres","De 70 a 74 años","2022","100.29"
"Canarias","Hombres","De 70 a 74 años","2021","127.86"
"Canarias","Hombres","75 y más años","2022","77.87"
"Canarias","Hombres","75 y más años","2021","113.56"
"Canarias","Mujeres","De 10 a 14 años","2022","226.75"
"Canarias","Mujeres","De 10 a 14 años","2021","127.91"
"Canarias","Mujeres","De 15 a 19 años","2022","248.35"
"Canarias","Mujeres","De 15 a 19 años","2021","188.12"
"Canarias","Mujeres","De 20 a 24 años","2022","300.13"
"Canarias","Mujeres","De 20 a 24 años","2021","230.65"
"Canarias","Mujeres","De 25 a 29 años","2022","224.97"
"Canarias","Mujeres","De 25 a 29 años","2021","162.41"
"Canarias","Mujeres","De 30 a 34 años","2022","192.41"
"Canarias","Mujeres","De 30 a 34 años","2021","133.25"
"Canarias","Mujeres","De 35 a 39 años","2022","169.56"
"Canarias","Mujeres","De 35 a 39 años","2021","110.35"
"Canarias","Mujeres","De 40 a 44 años","2022","157.10"
"Canarias","Mujeres","De 40 a 44 años","2021","102.69"
"Canarias","Mujeres","De 45 a 49 años","2022","149.28"
"Canarias","Mujeres","De 45 a 49 años","2021","108.22"
"Canarias","Mujeres","De 50 a 54 años","2022","151.31"
"Canarias","Mujeres","De 50 a 54 años","2021","114.39"
"Canarias","Mujeres","De 55 a 59 años","2022","145.48"
"Canarias","Mujeres","De 55 a 59 años","2021","126.66"
"Canarias","Mujeres","De 60 a 64 años","2022","139.46"
"Canarias","Mujeres","De 60 a 64 años","2021","148.35"
"Canarias","Mujeres","De 65 a 69 años","2022","135.07"
"Canarias","Mujeres","De 65 a 69 años","2021","149.79"
"Canarias","Mujeres","De 70 a 74 años","2022","99.66"
"Canarias","Mujeres","De 70 a 74 años","2021","116.47"
"Canarias","Mujeres","75 y más años","2022","93.85"
"Canarias","Mujeres","75 y más años","2021","115.35"
"Cantabria","Hombres","De 10 a 14 años","2022","229.46"
"Cantabria","Hombres","De 10 a 14 años","2021","123.25"
"Cantabria","Hombres","De 15 a 19 años","2022","331.27"
"Cantabria","Hombres","De 15 a 19 años","2021","213.79"
"Cantabria","Hombres","De 20 a 24 años","2022","295.56"
"Cantabria","Hombres","De 20 a 24 años","2021","204.56"
"Cantabria","Hombres","De 25 a 29 años","2022","252.53"
"Cantabria","Hombres","De 25 a 29 años","2021","170.92"
"Cantabria","Hombres","De 30 a 34 años","2022","219.07"
"Cantabria","Hombres","De 30 a 34 años","2021","141.63"
"Cantabria","Hombres","De 35 a 39 años","2022","181.46"
"Cantabria","Hombres","De 35 a 39 años","2021","106.48"
"Cantabria","Hombres","De 40 a 44 años","2022","144.01"
"Cantabria","Hombres","De 40 a 44 años","2021","104.76"
"Cantabria","Hombres","De 45 a 49 años","2022","146.80"
"Cantabria","Hombres","De 45 a 49 años","2021","92.71"
"Cantabria","Hombres","De 50 a 54 años","2022","122.07"
"Cantabria","Hombres","De 50 a 54 años","2021","89.18"
"Cantabria","Hombres","De 55 a 59 años","2022","137.46"
"Cantabria","Hombres","De 55 a 59 años","2021","90.96"
"Cantabria","Hombres","De 60 a 64 años","2022","103.53"
"Cantabria","Hombres","De 60 a 64 años","2021","75.57"
"Cantabria","Hombres","De 65 a 69 años","2022","122.61"
"Cantabria","Hombres","De 65 a 69 años","2021","111.11"
"Cantabria","Hombres","De 70 a 74 años","2022","139.74"
"Cantabria","Hombres","De 70 a 74 años","2021","139.90"
"Cantabria","Hombres","75 y más años","2022","143.63"
"Cantabria","Hombres","75 y más años","2021","101.63"
"Cantabria","Mujeres","De 10 a 14 años","2022","243.85"
"Cantabria","Mujeres","De 10 a 14 años","2021","125.14"
"Cantabria","Mujeres","De 15 a 19 años","2022","352.24"
"Cantabria","Mujeres","De 15 a 19 años","2021","223.08"
"Cantabria","Mujeres","De 20 a 24 años","2022","338.61"
"Cantabria","Mujeres","De 20 a 24 años","2021","195.57"
"Cantabria","Mujeres","De 25 a 29 años","2022","258.66"
"Cantabria","Mujeres","De 25 a 29 años","2021","157.32"
"Cantabria","Mujeres","De 30 a 34 años","2022","214.90"
"Cantabria","Mujeres","De 30 a 34 años","2021","131.39"
"Cantabria","Mujeres","De 35 a 39 años","2022","198.60"
"Cantabria","Mujeres","De 35 a 39 años","2021","94.96"
"Cantabria","Mujeres","De 40 a 44 años","2022","172.38"
"Cantabria","Mujeres","De 40 a 44 años","2021","88.70"
"Cantabria","Mujeres","De 45 a 49 años","2022","145.72"
"Cantabria","Mujeres","De 45 a 49 años","2021","81.64"
"Cantabria","Mujeres","De 50 a 54 años","2022","178.67"
"Cantabria","Mujeres","De 50 a 54 años","2021","106.44"
"Cantabria","Mujeres","De 55 a 59 años","2022","169.27"
"Cantabria","Mujeres","De 55 a 59 años","2021","118.54"
"Cantabria","Mujeres","De 60 a 64 años","2022","164.02"
"Cantabria","Mujeres","De 60 a 64 años","2021","134.30"
"Cantabria","Mujeres","De 65 a 69 años","2022","210.24"
"Cantabria","Mujeres","De 65 a 69 años","2021","113.40"
"Cantabria","Mujeres","De 70 a 74 años","2022","204.48"
"Cantabria","Mujeres","De 70 a 74 años","2021","133.11"
"Cantabria","Mujeres","75 y más años","2022","161.49"
"Cantabria","Mujeres","75 y más años","2021","120.52"
"Castilla y León","Hombres","De 10 a 14 años","2022","286.05"
"Castilla y León","Hombres","De 10 a 14 años","2021","131.09"
"Castilla y León","Hombres","De 15 a 19 años","2022","326.33"
"Castilla y León","Hombres","De 15 a 19 años","2021","253.71"
"Castilla y León","Hombres","De 20 a 24 años","2022","318.56"
"Castilla y León","Hombres","De 20 a 24 años","2021","249.50"
"Castilla y León","Hombres","De 25 a 29 años","2022","283.72"
"Castilla y León","Hombres","De 25 a 29 años","2021","208.77"
"Castilla y León","Hombres","De 30 a 34 años","2022","240.94"
"Castilla y León","Hombres","De 30 a 34 años","2021","167.96"
"Castilla y León","Hombres","De 35 a 39 años","2022","195.45"
"Castilla y León","Hombres","De 35 a 39 años","2021","126.57"
"Castilla y León","Hombres","De 40 a 44 años","2022","153.60"
"Castilla y León","Hombres","De 40 a 44 años","2021","103.11"
"Castilla y León","Hombres","De 45 a 49 años","2022","142.53"
"Castilla y León","Hombres","De 45 a 49 años","2021","99.27"
"Castilla y León","Hombres","De 50 a 54 años","2022","124.07"
"Castilla y León","Hombres","De 50 a 54 años","2021","97.80"
"Castilla y León","Hombres","De 55 a 59 años","2022","117.25"
"Castilla y León","Hombres","De 55 a 59 años","2021","87.70"
"Castilla y León","Hombres","De 60 a 64 años","2022","115.91"
"Castilla y León","Hombres","De 60 a 64 años","2021","86.74"
"Castilla y León","Hombres","De 65 a 69 años","2022","132.13"
"Castilla y León","Hombres","De 65 a 69 años","2021","96.60"
"Castilla y León","Hombres","De 70 a 74 años","2022","135.38"
"Castilla y León","Hombres","De 70 a 74 años","2021","91.57"
"Castilla y León","Hombres","75 y más años","2022","139.07"
"Castilla y León","Hombres","75 y más años","2021","97.40"
"Castilla y León","Mujeres","De 10 a 14 años","2022","280.52"
"Castilla y León","Mujeres","De 10 a 14 años","2021","140.06"
"Castilla y León","Mujeres","De 15 a 19 años","2022","319.34"
"Castilla y León","Mujeres","De 15 a 19 años","2021","207.23"
"Castilla y León","Mujeres","De 20 a 24 años","2022","319.99"
"Castilla y León","Mujeres","De 20 a 24 años","2021","211.85"
"Castilla y León","Mujeres","De 25 a 29 años","2022","296.95"
"Castilla y León","Mujeres","De 25 a 29 años","2021","172.75"
"Castilla y León","Mujeres","De 30 a 34 años","2022","238.77"
"Castilla y León","Mujeres","De 30 a 34 años","2021","137.22"
"Castilla y León","Mujeres","De 35 a 39 años","2022","205.13"
"Castilla y León","Mujeres","De 35 a 39 años","2021","101.70"
"Castilla y León","Mujeres","De 40 a 44 años","2022","191.38"
"Castilla y León","Mujeres","De 40 a 44 años","2021","103.14"
"Castilla y León","Mujeres","De 45 a 49 años","2022","168.79"
"Castilla y León","Mujeres","De 45 a 49 años","2021","96.55"
"Castilla y León","Mujeres","De 50 a 54 años","2022","176.38"
"Castilla y León","Mujeres","De 50 a 54 años","2021","97.65"
"Castilla y León","Mujeres","De 55 a 59 años","2022","166.79"
"Castilla y León","Mujeres","De 55 a 59 años","2021","99.10"
"Castilla y León","Mujeres","De 60 a 64 años","2022","190.22"
"Castilla y León","Mujeres","De 60 a 64 años","2021","109.01"
"Castilla y León","Mujeres","De 65 a 69 años","2022","173.43"
"Castilla y León","Mujeres","De 65 a 69 años","2021","119.25"
"Castilla y León","Mujeres","De 70 a 74 años","2022","216.41"
"Castilla y León","Mujeres","De 70 a 74 años","2021","127.23"
"Castilla y León","Mujeres","75 y más años","2022","162.31"
"Castilla y León","Mujeres","75 y más años","2021","128.37"
"Castilla - La Mancha","Hombres","De 10 a 14 años","2022","201.47"
"Castilla - La Mancha","Hombres","De 10 a 14 años","2021","111.16"
"Castilla - La Mancha","Hombres","De 15 a 19 años","2022","255.41"
"Castilla - La Mancha","Hombres","De 15 a 19 años","2021","216.34"
"Castilla - La Mancha","Hombres","De 20 a 24 años","2022","306.88"
"Castilla - La Mancha","Hombres","De 20 a 24 años","2021","244.51"
"Castilla - La Mancha","Hombres","De 25 a 29 años","2022","284.17"
"Castilla - La Mancha","Hombres","De 25 a 29 años","2021","214.70"
"Castilla - La Mancha","Hombres","De 30 a 34 años","2022","229.37"
"Castilla - La Mancha","Hombres","De 30 a 34 años","2021","165.45"
"Castilla - La Mancha","Hombres","De 35 a 39 años","2022","174.67"
"Castilla - La Mancha","Hombres","De 35 a 39 años","2021","121.05"
"Castilla - La Mancha","Hombres","De 40 a 44 años","2022","131.68"
"Castilla - La Mancha","Hombres","De 40 a 44 años","2021","100.33"
"Castilla - La Mancha","Hombres","De 45 a 49 años","2022","124.67"
"Castilla - La Mancha","Hombres","De 45 a 49 años","2021","87.31"
"Castilla - La Mancha","Hombres","De 50 a 54 años","2022","110.71"
"Castilla - La Mancha","Hombres","De 50 a 54 años","2021","90.41"
"Castilla - La Mancha","Hombres","De 55 a 59 años","2022","117.22"
"Castilla - La Mancha","Hombres","De 55 a 59 años","2021","91.85"
"Castilla - La Mancha","Hombres","De 60 a 64 años","2022","128.64"
"Castilla - La Mancha","Hombres","De 60 a 64 años","2021","93.16"
"Castilla - La Mancha","Hombres","De 65 a 69 años","2022","143.11"
"Castilla - La Mancha","Hombres","De 65 a 69 años","2021","96.68"
"Castilla - La Mancha","Hombres","De 70 a 74 años","2022","140.37"
"Castilla - La Mancha","Hombres","De 70 a 74 años","2021","114.77"
"Castilla - La Mancha","Hombres","75 y más años","2022","157.64"
"Castilla - La Mancha","Hombres","75 y más años","2021","123.18"
"Castilla - La Mancha","Mujeres","De 10 a 14 años","2022","202.25"
"Castilla - La Mancha","Mujeres","De 10 a 14 años","2021","105.47"
"Castilla - La Mancha","Mujeres","De 15 a 19 años","2022","265.91"
"Castilla - La Mancha","Mujeres","De 15 a 19 años","2021","173.71"
"Castilla - La Mancha","Mujeres","De 20 a 24 años","2022","288.19"
"Castilla - La Mancha","Mujeres","De 20 a 24 años","2021","190.23"
"Castilla - La Mancha","Mujeres","De 25 a 29 años","2022","273.88"
"Castilla - La Mancha","Mujeres","De 25 a 29 años","2021","159.33"
"Castilla - La Mancha","Mujeres","De 30 a 34 años","2022","212.93"
"Castilla - La Mancha","Mujeres","De 30 a 34 años","2021","123.94"
"Castilla - La Mancha","Mujeres","De 35 a 39 años","2022","173.40"
"Castilla - La Mancha","Mujeres","De 35 a 39 años","2021","94.31"
"Castilla - La Mancha","Mujeres","De 40 a 44 años","2022","151.69"
"Castilla - La Mancha","Mujeres","De 40 a 44 años","2021","92.31"
"Castilla - La Mancha","Mujeres","De 45 a 49 años","2022","144.54"
"Castilla - La Mancha","Mujeres","De 45 a 49 años","2021","86.75"
"Castilla - La Mancha","Mujeres","De 50 a 54 años","2022","154.91"
"Castilla - La Mancha","Mujeres","De 50 a 54 años","2021","99.19"
"Castilla - La Mancha","Mujeres","De 55 a 59 años","2022","166.39"
"Castilla - La Mancha","Mujeres","De 55 a 59 años","2021","114.99"
"Castilla - La Mancha","Mujeres","De 60 a 64 años","2022","179.44"
"Castilla - La Mancha","Mujeres","De 60 a 64 años","2021","123.42"
"Castilla - La Mancha","Mujeres","De 65 a 69 años","2022","202.32"
"Castilla - La Mancha","Mujeres","De 65 a 69 años","2021","125.35"
"Castilla - La Mancha","Mujeres","De 70 a 74 años","2022","190.93"
"Castilla - La Mancha","Mujeres","De 70 a 74 años","2021","124.64"
"Castilla - La Mancha","Mujeres","75 y más años","2022","187.14"
"Castilla - La Mancha","Mujeres","75 y más años","2021","115.64"
"Cataluña","Hombres","De 10 a 14 años","2022","197.55"
"Cataluña","Hombres","De 10 a 14 años","2021","122.68"
"Cataluña","Hombres","De 15 a 19 años","2022","303.24"
"Cataluña","Hombres","De 15 a 19 años","2021","232.38"
"Cataluña","Hombres","De 20 a 24 años","2022","314.76"
"Cataluña","Hombres","De 20 a 24 años","2021","228.29"
"Cataluña","Hombres","De 25 a 29 años","2022","280.08"
"Cataluña","Hombres","De 25 a 29 años","2021","213.13"
"Cataluña","Hombres","De 30 a 34 años","2022","219.35"
"Cataluña","Hombres","De 30 a 34 años","2021","168.89"
"Cataluña","Hombres","De 35 a 39 años","2022","172.20"
"Cataluña","Hombres","De 35 a 39 años","2021","125.30"
"Cataluña","Hombres","De 40 a 44 años","2022","135.63"
"Cataluña","Hombres","De 40 a 44 años","2021","100.64"
"Cataluña","Hombres","De 45 a 49 años","2022","120.11"
"Cataluña","Hombres","De 45 a 49 años","2021","96.96"
"Cataluña","Hombres","De 50 a 54 años","2022","111.38"
"Cataluña","Hombres","De 50 a 54 años","2021","102.31"
"Cataluña","Hombres","De 55 a 59 años","2022","112.80"
"Cataluña","Hombres","De 55 a 59 años","2021","106.68"
"Cataluña","Hombres","De 60 a 64 años","2022","126.00"
"Cataluña","Hombres","De 60 a 64 años","2021","114.94"
"Cataluña","Hombres","De 65 a 69 años","2022","150.17"
"Cataluña","Hombres","De 65 a 69 años","2021","127.01"
"Cataluña","Hombres","De 70 a 74 años","2022","138.95"
"Cataluña","Hombres","De 70 a 74 años","2021","133.14"
"Cataluña","Hombres","75 y más años","2022","118.26"
"Cataluña","Hombres","75 y más años","2021","110.31"
"Cataluña","Mujeres","De 10 a 14 años","2022","196.89"
"Cataluña","Mujeres","De 10 a 14 años","2021","116.68"
"Cataluña","Mujeres","De 15 a 19 años","2022","273.20"
"Cataluña","Mujeres","De 15 a 19 años","2021","202.35"
"Cataluña","Mujeres","De 20 a 24 años","2022","338.20"
"Cataluña","Mujeres","De 20 a 24 años","2021","232.79"
"Cataluña","Mujeres","De 25 a 29 años","2022","268.23"
"Cataluña","Mujeres","De 25 a 29 años","2021","199.00"
"Cataluña","Mujeres","De 30 a 34 años","2022","203.18"
"Cataluña","Mujeres","De 30 a 34 años","2021","135.59"
"Cataluña","Mujeres","De 35 a 39 años","2022","163.33"
"Cataluña","Mujeres","De 35 a 39 años","2021","102.13"
"Cataluña","Mujeres","De 40 a 44 años","2022","141.12"
"Cataluña","Mujeres","De 40 a 44 años","2021","90.93"
"Cataluña","Mujeres","De 45 a 49 años","2022","135.81"
"Cataluña","Mujeres","De 45 a 49 años","2021","91.90"
"Cataluña","Mujeres","De 50 a 54 años","2022","139.90"
"Cataluña","Mujeres","De 50 a 54 años","2021","97.77"
"Cataluña","Mujeres","De 55 a 59 años","2022","151.92"
"Cataluña","Mujeres","De 55 a 59 años","2021","114.44"
"Cataluña","Mujeres","De 60 a 64 años","2022","181.83"
"Cataluña","Mujeres","De 60 a 64 años","2021","132.41"
"Cataluña","Mujeres","De 65 a 69 años","2022","209.64"
"Cataluña","Mujeres","De 65 a 69 años","2021","153.44"
"Cataluña","Mujeres","De 70 a 74 años","2022","190.00"
"Cataluña","Mujeres","De 70 a 74 años","2021","142.40"
"Cataluña","Mujeres","75 y más años","2022","151.01"
"Cataluña","Mujeres","75 y más años","2021","125.59"
"Comunitat Valenciana","Hombres","De 10 a 14 años","2022","247.35"
"Comunitat Valenciana","Hombres","De 10 a 14 años","2021","141.91"
"Comunitat Valenciana","Hombres","De 15 a 19 años","2022","274.95"
"Comunitat Valenciana","Hombres","De 15 a 19 años","2021","217.80"
"Comunitat Valenciana","Hombres","De 20 a 24 años","2022","302.29"
"Comunitat Valenciana","Hombres","De 20 a 24 años","2021","223.89"
"Comunitat Valenciana","Hombres","De 25 a 29 años","2022","290.91"
"Comunitat Valenciana","Hombres","De 25 a 29 años","2021","209.81"
"Comunitat Valenciana","Hombres","De 30 a 34 años","2022","250.03"
"Comunitat Valenciana","Hombres","De 30 a 34 años","2021","172.11"
"Comunitat Valenciana","Hombres","De 35 a 39 años","2022","215.04"
"Comunitat Valenciana","Hombres","De 35 a 39 años","2021","141.25"
"Comunitat Valenciana","Hombres","De 40 a 44 años","2022","170.97"
"Comunitat Valenciana","Hombres","De 40 a 44 años","2021","115.35"
"Comunitat Valenciana","Hombres","De 45 a 49 años","2022","143.56"
"Comunitat Valenciana","Hombres","De 45 a 49 años","2021","115.82"
"Comunitat Valenciana","Hombres","De 50 a 54 años","2022","138.44"
"Comunitat Valenciana","Hombres","De 50 a 54 años","2021","125.62"
"Comunitat Valenciana","Hombres","De 55 a 59 años","2022","145.09"
"Comunitat Valenciana","Hombres","De 55 a 59 años","2021","147.46"
"Comunitat Valenciana","Hombres","De 60 a 64 años","2022","150.04"
"Comunitat Valenciana","Hombres","De 60 a 64 años","2021","163.86"
"Comunitat Valenciana","Hombres","De 65 a 69 años","2022","128.63"
"Comunitat Valenciana","Hombres","De 65 a 69 años","2021","169.06"
"Comunitat Valenciana","Hombres","De 70 a 74 años","2022","89.72"
"Comunitat Valenciana","Hombres","De 70 a 74 años","2021","134.90"
"Comunitat Valenciana","Hombres","75 y más años","2022","62.35"
"Comunitat Valenciana","Hombres","75 y más años","2021","110.88"
"Comunitat Valenciana","Mujeres","De 10 a 14 años","2022","254.19"
"Comunitat Valenciana","Mujeres","De 10 a 14 años","2021","140.19"
"Comunitat Valenciana","Mujeres","De 15 a 19 años","2022","293.90"
"Comunitat Valenciana","Mujeres","De 15 a 19 años","2021","192.32"
"Comunitat Valenciana","Mujeres","De 20 a 24 años","2022","311.62"
"Comunitat Valenciana","Mujeres","De 20 a 24 años","2021","205.00"
"Comunitat Valenciana","Mujeres","De 25 a 29 años","2022","285.08"
"Comunitat Valenciana","Mujeres","De 25 a 29 años","2021","181.81"
"Comunitat Valenciana","Mujeres","De 30 a 34 años","2022","242.82"
"Comunitat Valenciana","Mujeres","De 30 a 34 años","2021","143.01"
"Comunitat Valenciana","Mujeres","De 35 a 39 años","2022","213.60"
"Comunitat Valenciana","Mujeres","De 35 a 39 años","2021","118.95"
"Comunitat Valenciana","Mujeres","De 40 a 44 años","2022","178.74"
"Comunitat Valenciana","Mujeres","De 40 a 44 años","2021","109.11"
"Comunitat Valenciana","Mujeres","De 45 a 49 años","2022","166.65"
"Comunitat Valenciana","Mujeres","De 45 a 49 años","2021","115.00"
"Comunitat Valenciana","Mujeres","De 50 a 54 años","2022","163.13"
"Comunitat Valenciana","Mujeres","De 50 a 54 años","2021","125.67"
"Comunitat Valenciana","Mujeres","De 55 a 59 años","2022","166.70"
"Comunitat Valenciana","Mujeres","De 55 a 59 años","2021","149.35"
"Comunitat Valenciana","Mujeres","De 60 a 64 años","2022","167.18"
"Comunitat Valenciana","Mujeres","De 60 a 64 años","2021","158.48"
"Comunitat Valenciana","Mujeres","De 65 a 69 años","2022","147.19"
"Comunitat Valenciana","Mujeres","De 65 a 69 años","2021","159.05"
"Comunitat Valenciana","Mujeres","De 70 a 74 años","2022","112.49"
"Comunitat Valenciana","Mujeres","De 70 a 74 años","2021","132.26"
"Comunitat Valenciana","Mujeres","75 y más años","2022","82.92"
"Comunitat Valenciana","Mujeres","75 y más años","2021","110.80"
"Extremadura","Hombres","De 10 a 14 años","2022","243.34"
"Extremadura","Hombres","De 10 a 14 años","2021","125.34"
"Extremadura","Hombres","De 15 a 19 años","2022","305.75"
"Extremadura","Hombres","De 15 a 19 años","2021","256.76"
"Extremadura","Hombres","De 20 a 24 años","2022","321.10"
"Extremadura","Hombres","De 20 a 24 años","2021","238.62"
"Extremadura","Hombres","De 25 a 29 años","2022","283.95"
"Extremadura","Hombres","De 25 a 29 años","2021","216.44"
"Extremadura","Hombres","De 30 a 34 años","2022","214.68"
"Extremadura","Hombres","De 30 a 34 años","2021","169.94"
"Extremadura","Hombres","De 35 a 39 años","2022","190.68"
"Extremadura","Hombres","De 35 a 39 años","2021","138.97"
"Extremadura","Hombres","De 40 a 44 años","2022","163.30"
"Extremadura","Hombres","De 40 a 44 años","2021","123.30"
"Extremadura","Hombres","De 45 a 49 años","2022","146.20"
"Extremadura","Hombres","De 45 a 49 años","2021","109.79"
"Extremadura","Hombres","De 50 a 54 años","2022","115.31"
"Extremadura","Hombres","De 50 a 54 años","2021","116.54"
"Extremadura","Hombres","De 55 a 59 años","2022","103.41"
"Extremadura","Hombres","De 55 a 59 años","2021","115.30"
"Extremadura","Hombres","De 60 a 64 años","2022","101.72"
"Extremadura","Hombres","De 60 a 64 años","2021","92.40"
"Extremadura","Hombres","De 65 a 69 años","2022","116.19"
"Extremadura","Hombres","De 65 a 69 años","2021","91.95"
"Extremadura","Hombres","De 70 a 74 años","2022","92.69"
"Extremadura","Hombres","De 70 a 74 años","2021","80.77"
"Extremadura","Hombres","75 y más años","2022","78.10"
"Extremadura","Hombres","75 y más años","2021","71.17"
"Extremadura","Mujeres","De 10 a 14 años","2022","262.49"
"Extremadura","Mujeres","De 10 a 14 años","2021","129.15"
"Extremadura","Mujeres","De 15 a 19 años","2022","297.23"
"Extremadura","Mujeres","De 15 a 19 años","2021","170.28"
"Extremadura","Mujeres","De 20 a 24 años","2022","331.05"
"Extremadura","Mujeres","De 20 a 24 años","2021","195.93"
"Extremadura","Mujeres","De 25 a 29 años","2022","277.89"
"Extremadura","Mujeres","De 25 a 29 años","2021","154.81"
"Extremadura","Mujeres","De 30 a 34 años","2022","219.16"
"Extremadura","Mujeres","De 30 a 34 años","2021","139.02"
"Extremadura","Mujeres","De 35 a 39 años","2022","197.59"
"Extremadura","Mujeres","De 35 a 39 años","2021","103.89"
"Extremadura","Mujeres","De 40 a 44 años","2022","185.63"
"Extremadura","Mujeres","De 40 a 44 años","2021","94.65"
"Extremadura","Mujeres","De 45 a 49 años","2022","180.15"
"Extremadura","Mujeres","De 45 a 49 años","2021","105.43"
"Extremadura","Mujeres","De 50 a 54 años","2022","156.59"
"Extremadura","Mujeres","De 50 a 54 años","2021","104.11"
"Extremadura","Mujeres","De 55 a 59 años","2022","164.15"
"Extremadura","Mujeres","De 55 a 59 años","2021","90.61"
"Extremadura","Mujeres","De 60 a 64 años","2022","164.12"
"Extremadura","Mujeres","De 60 a 64 años","2021","93.06"
"Extremadura","Mujeres","De 65 a 69 años","2022","179.78"
"Extremadura","Mujeres","De 65 a 69 años","2021","110.24"
"Extremadura","Mujeres","De 70 a 74 años","2022","125.42"
"Extremadura","Mujeres","De 70 a 74 años","2021","65.26"
"Extremadura","Mujeres","75 y más años","2022","101.30"
"Extremadura","Mujeres","75 y más años","2021","102.72"
"Galicia","Hombres","De 10 a 14 años","2022","332.11"
"Galicia","Hombres","De 10 a 14 años","2021","163.63"
"Galicia","Hombres","De 15 a 19 años","2022","353.62"
"Galicia","Hombres","De 15 a 19 años","2021","237.35"
"Galicia","Hombres","De 20 a 24 años","2022","361.20"
"Galicia","Hombres","De 20 a 24 años","2021","238.36"
"Galicia","Hombres","De 25 a 29 años","2022","324.57"
"Galicia","Hombres","De 25 a 29 años","2021","224.24"
"Galicia","Hombres","De 30 a 34 años","2022","251.68"
"Galicia","Hombres","De 30 a 34 años","2021","182.40"
"Galicia","Hombres","De 35 a 39 años","2022","219.30"
"Galicia","Hombres","De 35 a 39 años","2021","137.02"
"Galicia","Hombres","De 40 a 44 años","2022","168.38"
"Galicia","Hombres","De 40 a 44 años","2021","119.88"
"Galicia","Hombres","De 45 a 49 años","2022","153.32"
"Galicia","Hombres","De 45 a 49 años","2021","115.80"
"Galicia","Hombres","De 50 a 54 años","2022","144.42"
"Galicia","Hombres","De 50 a 54 años","2021","113.96"
"Galicia","Hombres","De 55 a 59 años","2022","144.20"
"Galicia","Hombres","De 55 a 59 años","2021","116.03"
"Galicia","Hombres","De 60 a 64 años","2022","146.91"
"Galicia","Hombres","De 60 a 64 años","2021","106.03"
"Galicia","Hombres","De 65 a 69 años","2022","131.11"
"Galicia","Hombres","De 65 a 69 años","2021","103.40"
"Galicia","Hombres","De 70 a 74 años","2022","95.76"
"Galicia","Hombres","De 70 a 74 años","2021","105.80"
"Galicia","Hombres","75 y más años","2022","97.39"
"Galicia","Hombres","75 y más años","2021","104.65"
"Galicia","Mujeres","De 10 a 14 años","2022","358.84"
"Galicia","Mujeres","De 10 a 14 años","2021","178.88"
"Galicia","Mujeres","De 15 a 19 años","2022","350.02"
"Galicia","Mujeres","De 15 a 19 años","2021","218.02"
"Galicia","Mujeres","De 20 a 24 años","2022","392.26"
"Galicia","Mujeres","De 20 a 24 años","2021","245.53"
"Galicia","Mujeres","De 25 a 29 años","2022","298.97"
"Galicia","Mujeres","De 25 a 29 años","2021","189.11"
"Galicia","Mujeres","De 30 a 34 años","2022","256.80"
"Galicia","Mujeres","De 30 a 34 años","2021","145.11"
"Galicia","Mujeres","De 35 a 39 años","2022","216.02"
"Galicia","Mujeres","De 35 a 39 años","2021","116.36"
"Galicia","Mujeres","De 40 a 44 años","2022","201.41"
"Galicia","Mujeres","De 40 a 44 años","2021","110.39"
"Galicia","Mujeres","De 45 a 49 años","2022","181.24"
"Galicia","Mujeres","De 45 a 49 años","2021","108.73"
"Galicia","Mujeres","De 50 a 54 años","2022","192.31"
"Galicia","Mujeres","De 50 a 54 años","2021","119.71"
"Galicia","Mujeres","De 55 a 59 años","2022","192.56"
"Galicia","Mujeres","De 55 a 59 años","2021","135.18"
"Galicia","Mujeres","De 60 a 64 años","2022","191.22"
"Galicia","Mujeres","De 60 a 64 años","2021","130.53"
"Galicia","Mujeres","De 65 a 69 años","2022","179.34"
"Galicia","Mujeres","De 65 a 69 años","2021","138.93"
"Galicia","Mujeres","De 70 a 74 años","2022","189.39"
"Galicia","Mujeres","De 70 a 74 años","2021","121.26"
"Galicia","Mujeres","75 y más años","2022","163.19"
"Galicia","Mujeres","75 y más años","2021","120.04"
"Madrid","Hombres","De 10 a 14 años","2022","226.25"
"Madrid","Hombres","De 10 a 14 años","2021","128.75"
"Madrid","Hombres","De 15 a 19 años","2022","328.43"
"Madrid","Hombres","De 15 a 19 años","2021","232.11"
"Madrid","Hombres","De 20 a 24 años","2022","369.84"
"Madrid","Hombres","De 20 a 24 años","2021","250.99"
"Madrid","Hombres","De 25 a 29 años","2022","324.13"
"Madrid","Hombres","De 25 a 29 años","2021","215.98"
"Madrid","Hombres","De 30 a 34 años","2022","251.43"
"Madrid","Hombres","De 30 a 34 años","2021","166.80"
"Madrid","Hombres","De 35 a 39 años","2022","192.90"
"Madrid","Hombres","De 35 a 39 años","2021","125.73"
"Madrid","Hombres","De 40 a 44 años","2022","148.93"
"Madrid","Hombres","De 40 a 44 años","2021","104.91"
"Madrid","Hombres","De 45 a 49 años","2022","127.70"
"Madrid","Hombres","De 45 a 49 años","2021","98.50"
"Madrid","Hombres","De 50 a 54 años","2022","121.14"
"Madrid","Hombres","De 50 a 54 años","2021","98.76"
"Madrid","Hombres","De 55 a 59 años","2022","114.96"
"Madrid","Hombres","De 55 a 59 años","2021","104.03"
"Madrid","Hombres","De 60 a 64 años","2022","121.42"
"Madrid","Hombres","De 60 a 64 años","2021","103.93"
"Madrid","Hombres","De 65 a 69 años","2022","132.50"
"Madrid","Hombres","De 65 a 69 años","2021","114.77"
"Madrid","Hombres","De 70 a 74 años","2022","135.56"
"Madrid","Hombres","De 70 a 74 años","2021","120.28"
"Madrid","Hombres","75 y más años","2022","129.77"
"Madrid","Hombres","75 y más años","2021","112.17"
"Madrid","Mujeres","De 10 a 14 años","2022","233.63"
"Madrid","Mujeres","De 10 a 14 años","2021","127.86"
"Madrid","Mujeres","De 15 a 19 años","2022","349.62"
"Madrid","Mujeres","De 15 a 19 años","2021","220.88"
"Madrid","Mujeres","De 20 a 24 años","2022","371.42"
"Madrid","Mujeres","De 20 a 24 años","2021","251.57"
"Madrid","Mujeres","De 25 a 29 años","2022","292.32"
"Madrid","Mujeres","De 25 a 29 años","2021","196.28"
"Madrid","Mujeres","De 30 a 34 años","2022","212.62"
"Madrid","Mujeres","De 30 a 34 años","2021","138.98"
"Madrid","Mujeres","De 35 a 39 años","2022","170.06"
"Madrid","Mujeres","De 35 a 39 años","2021","108.66"
"Madrid","Mujeres","De 40 a 44 años","2022","147.93"
"Madrid","Mujeres","De 40 a 44 años","2021","99.98"
"Madrid","Mujeres","De 45 a 49 años","2022","146.15"
"Madrid","Mujeres","De 45 a 49 años","2021","100.10"
"Madrid","Mujeres","De 50 a 54 años","2022","146.10"
"Madrid","Mujeres","De 50 a 54 años","2021","105.81"
"Madrid","Mujeres","De 55 a 59 años","2022","149.89"
"Madrid","Mujeres","De 55 a 59 años","2021","116.02"
"Madrid","Mujeres","De 60 a 64 años","2022","151.72"
"Madrid","Mujeres","De 60 a 64 años","2021","121.81"
"Madrid","Mujeres","De 65 a 69 años","2022","162.27"
"Madrid","Mujeres","De 65 a 69 años","2021","133.34"
"Madrid","Mujeres","De 70 a 74 años","2022","165.27"
"Madrid","Mujeres","De 70 a 74 años","2021","141.08"
"Madrid","Mujeres","75 y más años","2022","157.03"
"Madrid","Mujeres","75 y más años","2021","128.61"
"Murcia","Hombres","De 10 a 14 años","2022","164.75"
"Murcia","Hombres","De 10 a 14 años","2021","117.62"
"Murcia","Hombres","De 15 a 19 años","2022","277.90"
"Murcia","Hombres","De 15 a 19 años","2021","232.64"
"Murcia","Hombres","De 20 a 24 años","2022","306.20"
"Murcia","Hombres","De 20 a 24 años","2021","278.20"
"Murcia","Hombres","De 25 a 29 años","2022","273.46"
"Murcia","Hombres","De 25 a 29 años","2021","238.13"
"Murcia","Hombres","De 30 a 34 años","2022","226.68"
"Murcia","Hombres","De 30 a 34 años","2021","187.92"
"Murcia","Hombres","De 35 a 39 años","2022","176.28"
"Murcia","Hombres","De 35 a 39 años","2021","127.32"
"Murcia","Hombres","De 40 a 44 años","2022","125.17"
"Murcia","Hombres","De 40 a 44 años","2021","101.28"
"Murcia","Hombres","De 45 a 49 años","2022","105.34"
"Murcia","Hombres","De 45 a 49 años","2021","92.52"
"Murcia","Hombres","De 50 a 54 años","2022","102.51"
"Murcia","Hombres","De 50 a 54 años","2021","96.08"
"Murcia","Hombres","De 55 a 59 años","2022","101.67"
"Murcia","Hombres","De 55 a 59 años","2021","111.86"
"Murcia","Hombres","De 60 a 64 años","2022","98.77"
"Murcia","Hombres","De 60 a 64 años","2021","123.67"
"Murcia","Hombres","De 65 a 69 años","2022","102.86"
"Murcia","Hombres","De 65 a 69 años","2021","117.72"
"Murcia","Hombres","De 70 a 74 años","2022","69.31"
"Murcia","Hombres","De 70 a 74 años","2021","83.38"
"Murcia","Hombres","75 y más años","2022","47.74"
"Murcia","Hombres","75 y más años","2021","56.09"
"Murcia","Mujeres","De 10 a 14 años","2022","166.20"
"Murcia","Mujeres","De 10 a 14 años","2021","110.92"
"Murcia","Mujeres","De 15 a 19 años","2022","250.09"
"Murcia","Mujeres","De 15 a 19 años","2021","186.10"
"Murcia","Mujeres","De 20 a 24 años","2022","259.65"
"Murcia","Mujeres","De 20 a 24 años","2021","194.24"
"Murcia","Mujeres","De 25 a 29 años","2022","219.50"
"Murcia","Mujeres","De 25 a 29 años","2021","155.97"
"Murcia","Mujeres","De 30 a 34 años","2022","181.25"
"Murcia","Mujeres","De 30 a 34 años","2021","127.50"
"Murcia","Mujeres","De 35 a 39 años","2022","165.01"
"Murcia","Mujeres","De 35 a 39 años","2021","102.99"
"Murcia","Mujeres","De 40 a 44 años","2022","141.98"
"Murcia","Mujeres","De 40 a 44 años","2021","93.80"
"Murcia","Mujeres","De 45 a 49 años","2022","142.55"
"Murcia","Mujeres","De 45 a 49 años","2021","94.83"
"Murcia","Mujeres","De 50 a 54 años","2022","140.24"
"Murcia","Mujeres","De 50 a 54 años","2021","110.47"
"Murcia","Mujeres","De 55 a 59 años","2022","129.45"
"Murcia","Mujeres","De 55 a 59 años","2021","118.39"
"Murcia","Mujeres","De 60 a 64 años","2022","148.81"
"Murcia","Mujeres","De 60 a 64 años","2021","120.59"
"Murcia","Mujeres","De 65 a 69 años","2022","126.65"
"Murcia","Mujeres","De 65 a 69 años","2021","114.42"
"Murcia","Mujeres","De 70 a 74 años","2022","83.42"
"Murcia","Mujeres","De 70 a 74 años","2021","78.38"
"Murcia","Mujeres","75 y más años","2022","74.37"
"Murcia","Mujeres","75 y más años","2021","62.78"
"Navarra","Hombres","De 10 a 14 años","2022","204.01"
"Navarra","Hombres","De 10 a 14 años","2021","99.76"
"Navarra","Hombres","De 15 a 19 años","2022","287.91"
"Navarra","Hombres","De 15 a 19 años","2021","208.16"
"Navarra","Hombres","De 20 a 24 años","2022","278.29"
"Navarra","Hombres","De 20 a 24 años","2021","222.47"
"Navarra","Hombres","De 25 a 29 años","2022","246.95"
"Navarra","Hombres","De 25 a 29 años","2021","185.56"
"Navarra","Hombres","De 30 a 34 años","2022","196.36"
"Navarra","Hombres","De 30 a 34 años","2021","145.48"
"Navarra","Hombres","De 35 a 39 años","2022","148.80"
"Navarra","Hombres","De 35 a 39 años","2021","106.12"
"Navarra","Hombres","De 40 a 44 años","2022","119.44"
"Navarra","Hombres","De 40 a 44 años","2021","79.45"
"Navarra","Hombres","De 45 a 49 años","2022","105.86"
"Navarra","Hombres","De 45 a 49 años","2021","91.32"
"Navarra","Hombres","De 50 a 54 años","2022","99.37"
"Navarra","Hombres","De 50 a 54 años","2021","84.87"
"Navarra","Hombres","De 55 a 59 años","2022","95.78"
"Navarra","Hombres","De 55 a 59 años","2021","95.75"
"Navarra","Hombres","De 60 a 64 años","2022","103.50"
"Navarra","Hombres","De 60 a 64 años","2021","84.65"
"Navarra","Hombres","De 65 a 69 años","2022","110.85"
"Navarra","Hombres","De 65 a 69 años","2021","110.32"
"Navarra","Hombres","De 70 a 74 años","2022","168.79"
"Navarra","Hombres","De 70 a 74 años","2021","113.85"
"Navarra","Hombres","75 y más años","2022","193.15"
"Navarra","Hombres","75 y más años","2021","115.73"
"Navarra","Mujeres","De 10 a 14 años","2022","202.56"
"Navarra","Mujeres","De 10 a 14 años","2021","105.76"
"Navarra","Mujeres","De 15 a 19 años","2022","349.68"
"Navarra","Mujeres","De 15 a 19 años","2021","221.89"
"Navarra","Mujeres","De 20 a 24 años","2022","272.16"
"Navarra","Mujeres","De 20 a 24 años","2021","183.99"
"Navarra","Mujeres","De 25 a 29 años","2022","228.21"
"Navarra","Mujeres","De 25 a 29 años","2021","138.41"
"Navarra","Mujeres","De 30 a 34 años","2022","177.85"
"Navarra","Mujeres","De 30 a 34 años","2021","112.42"
"Navarra","Mujeres","De 35 a 39 años","2022","153.17"
"Navarra","Mujeres","De 35 a 39 años","2021","77.10"
"Navarra","Mujeres","De 40 a 44 años","2022","142.99"
"Navarra","Mujeres","De 40 a 44 años","2021","79.88"
"Navarra","Mujeres","De 45 a 49 años","2022","143.20"
"Navarra","Mujeres","De 45 a 49 años","2021","83.39"
"Navarra","Mujeres","De 50 a 54 años","2022","146.31"
"Navarra","Mujeres","De 50 a 54 años","2021","84.77"
"Navarra","Mujeres","De 55 a 59 años","2022","151.29"
"Navarra","Mujeres","De 55 a 59 años","2021","97.85"
"Navarra","Mujeres","De 60 a 64 años","2022","151.18"
"Navarra","Mujeres","De 60 a 64 años","2021","121.21"
"Navarra","Mujeres","De 65 a 69 años","2022","185.37"
"Navarra","Mujeres","De 65 a 69 años","2021","145.88"
"Navarra","Mujeres","De 70 a 74 años","2022","150.54"
"Navarra","Mujeres","De 70 a 74 años","2021","134.57"
"Navarra","Mujeres","75 y más años","2022","190.29"
"Navarra","Mujeres","75 y más años","2021","135.29"
"País Vasco","Hombres","De 10 a 14 años","2022","229.27"
"País Vasco","Hombres","De 10 a 14 años","2021","99.80"
"País Vasco","Hombres","De 15 a 19 años","2022","332.82"
"País Vasco","Hombres","De 15 a 19 años","2021","208.73"
"País Vasco","Hombres","De 20 a 24 años","2022","295.25"
"País Vasco","Hombres","De 20 a 24 años","2021","206.41"
"País Vasco","Hombres","De 25 a 29 años","2022","244.65"
"País Vasco","Hombres","De 25 a 29 años","2021","167.34"
"País Vasco","Hombres","De 30 a 34 años","2022","183.11"
"País Vasco","Hombres","De 30 a 34 años","2021","121.61"
"País Vasco","Hombres","De 35 a 39 años","2022","146.54"
"País Vasco","Hombres","De 35 a 39 años","2021","92.41"
"País Vasco","Hombres","De 40 a 44 años","2022","115.37"
"País Vasco","Hombres","De 40 a 44 años","2021","79.77"
"País Vasco","Hombres","De 45 a 49 años","2022","106.46"
"País Vasco","Hombres","De 45 a 49 años","2021","78.23"
"País Vasco","Hombres","De 50 a 54 años","2022","98.94"
"País Vasco","Hombres","De 50 a 54 años","2021","75.53"
"País Vasco","Hombres","De 55 a 59 años","2022","96.59"
"País Vasco","Hombres","De 55 a 59 años","2021","89.82"
"País Vasco","Hombres","De 60 a 64 años","2022","113.34"
"País Vasco","Hombres","De 60 a 64 años","2021","82.94"
"País Vasco","Hombres","De 65 a 69 años","2022","109.60"
"País Vasco","Hombres","De 65 a 69 años","2021","94.36"
"País Vasco","Hombres","De 70 a 74 años","2022","137.83"
"País Vasco","Hombres","De 70 a 74 años","2021","86.56"
"País Vasco","Hombres","75 y más años","2022","159.76"
"País Vasco","Hombres","75 y más años","2021","84.30"
"País Vasco","Mujeres","De 10 a 14 años","2022","258.14"
"País Vasco","Mujeres","De 10 a 14 años","2021","110.75"
"País Vasco","Mujeres","De 15 a 19 años","2022","327.74"
"País Vasco","Mujeres","De 15 a 19 años","2021","173.94"
"País Vasco","Mujeres","De 20 a 24 años","2022","321.96"
"País Vasco","Mujeres","De 20 a 24 años","2021","164.43"
"País Vasco","Mujeres","De 25 a 29 años","2022","230.73"
"País Vasco","Mujeres","De 25 a 29 años","2021","130.90"
"País Vasco","Mujeres","De 30 a 34 años","2022","174.25"
"País Vasco","Mujeres","De 30 a 34 años","2021","92.93"
"País Vasco","Mujeres","De 35 a 39 años","2022","145.43"
"País Vasco","Mujeres","De 35 a 39 años","2021","79.77"
"País Vasco","Mujeres","De 40 a 44 años","2022","128.49"
"País Vasco","Mujeres","De 40 a 44 años","2021","71.08"
"País Vasco","Mujeres","De 45 a 49 años","2022","131.61"
"País Vasco","Mujeres","De 45 a 49 años","2021","75.43"
"País Vasco","Mujeres","De 50 a 54 años","2022","140.78"
"País Vasco","Mujeres","De 50 a 54 años","2021","79.28"
"País Vasco","Mujeres","De 55 a 59 años","2022","153.83"
"País Vasco","Mujeres","De 55 a 59 años","2021","84.52"
"País Vasco","Mujeres","De 60 a 64 años","2022","149.27"
"País Vasco","Mujeres","De 60 a 64 años","2021","104.35"
"País Vasco","Mujeres","De 65 a 69 años","2022","190.70"
"País Vasco","Mujeres","De 65 a 69 años","2021","125.95"
"País Vasco","Mujeres","De 70 a 74 años","2022","195.56"
"País Vasco","Mujeres","De 70 a 74 años","2021","115.81"
"País Vasco","Mujeres","75 y más años","2022","171.09"
"País Vasco","Mujeres","75 y más años","2021","123.16"
"Rioja","Hombres","De 10 a 14 años","2022","139.99"
"Rioja","Hombres","De 10 a 14 años","2021","136.78"
"Rioja","Hombres","De 15 a 19 años","2022","188.60"
"Rioja","Hombres","De 15 a 19 años","2021","172.94"
"Rioja","Hombres","De 20 a 24 años","2022","220.57"
"Rioja","Hombres","De 20 a 24 años","2021","173.08"
"Rioja","Hombres","De 25 a 29 años","2022","208.65"
"Rioja","Hombres","De 25 a 29 años","2021","144.94"
"Rioja","Hombres","De 30 a 34 años","2022","171.85"
"Rioja","Hombres","De 30 a 34 años","2021","123.77"
"Rioja","Hombres","De 35 a 39 años","2022","133.75"
"Rioja","Hombres","De 35 a 39 años","2021","85.61"
"Rioja","Hombres","De 40 a 44 años","2022","99.38"
"Rioja","Hombres","De 40 a 44 años","2021","85.24"
"Rioja","Hombres","De 45 a 49 años","2022","92.26"
"Rioja","Hombres","De 45 a 49 años","2021","66.19"
"Rioja","Hombres","De 50 a 54 años","2022","86.05"
"Rioja","Hombres","De 50 a 54 años","2021","69.65"
"Rioja","Hombres","De 55 a 59 años","2022","94.23"
"Rioja","Hombres","De 55 a 59 años","2021","80.85"
"Rioja","Hombres","De 60 a 64 años","2022","91.76"
"Rioja","Hombres","De 60 a 64 años","2021","95.00"
"Rioja","Hombres","De 65 a 69 años","2022","93.58"
"Rioja","Hombres","De 65 a 69 años","2021","75.99"
"Rioja","Hombres","De 70 a 74 años","2022","122.81"
"Rioja","Hombres","De 70 a 74 años","2021","63.38"
"Rioja","Hombres","75 y más años","2022","142.29"
"Rioja","Hombres","75 y más años","2021","81.45"
"Rioja","Mujeres","De 10 a 14 años","2022","164.23"
"Rioja","Mujeres","De 10 a 14 años","2021","133.59"
"Rioja","Mujeres","De 15 a 19 años","2022","220.71"
"Rioja","Mujeres","De 15 a 19 años","2021","154.17"
"Rioja","Mujeres","De 20 a 24 años","2022","238.99"
"Rioja","Mujeres","De 20 a 24 años","2021","188.03"
"Rioja","Mujeres","De 25 a 29 años","2022","193.71"
"Rioja","Mujeres","De 25 a 29 años","2021","139.82"
"Rioja","Mujeres","De 30 a 34 años","2022","160.43"
"Rioja","Mujeres","De 30 a 34 años","2021","92.68"
"Rioja","Mujeres","De 35 a 39 años","2022","136.43"
"Rioja","Mujeres","De 35 a 39 años","2021","95.26"
"Rioja","Mujeres","De 40 a 44 años","2022","119.74"
"Rioja","Mujeres","De 40 a 44 años","2021","73.75"
"Rioja","Mujeres","De 45 a 49 años","2022","113.78"
"Rioja","Mujeres","De 45 a 49 años","2021","70.27"
"Rioja","Mujeres","De 50 a 54 años","2022","117.05"
"Rioja","Mujeres","De 50 a 54 años","2021","84.24"
"Rioja","Mujeres","De 55 a 59 años","2022","118.15"
"Rioja","Mujeres","De 55 a 59 años","2021","79.66"
"Rioja","Mujeres","De 60 a 64 años","2022","141.01"
"Rioja","Mujeres","De 60 a 64 años","2021","66.17"
"Rioja","Mujeres","De 65 a 69 años","2022","141.37"
"Rioja","Mujeres","De 65 a 69 años","2021","85.88"
"Rioja","Mujeres","De 70 a 74 años","2022","135.66"
"Rioja","Mujeres","De 70 a 74 años","2021","111.63"
"Rioja","Mujeres","75 y más años","2022","145.72"
"Rioja","Mujeres","75 y más años","2021","90.72"
"Ceuta","Hombres","De 10 a 14 años","2022","156.03"
"Ceuta","Hombres","De 10 a 14 años","2021","134.15"
"Ceuta","Hombres","De 15 a 19 años","2022","181.82"
"Ceuta","Hombres","De 15 a 19 años","2021","173.91"
"Ceuta","Hombres","De 20 a 24 años","2022","187.50"
"Ceuta","Hombres","De 20 a 24 años","2021","151.52"
"Ceuta","Hombres","De 25 a 29 años","2022","362.75"
"Ceuta","Hombres","De 25 a 29 años","2021","243.90"
"Ceuta","Hombres","De 30 a 34 años","2022","179.42"
"Ceuta","Hombres","De 30 a 34 años","2021","103.53"
"Ceuta","Hombres","De 35 a 39 años","2022","120.40"
"Ceuta","Hombres","De 35 a 39 años","2021","69.46"
"Ceuta","Hombres","De 40 a 44 años","2022","99.42"
"Ceuta","Hombres","De 40 a 44 años","2021","77.35"
"Ceuta","Hombres","De 45 a 49 años","2022","93.26"
"Ceuta","Hombres","De 45 a 49 años","2021","72.61"
"Ceuta","Hombres","De 50 a 54 años","2022","126.13"
"Ceuta","Hombres","De 50 a 54 años","2021","54.97"
"Ceuta","Hombres","De 55 a 59 años","2022","105.59"
"Ceuta","Hombres","De 55 a 59 años","2021","42.17"
"Ceuta","Hombres","De 60 a 64 años","2022","75.31"
"Ceuta","Hombres","De 60 a 64 años","2021","67.80"
"Ceuta","Hombres","De 65 a 69 años","2022","132.35"
"Ceuta","Hombres","De 65 a 69 años","2021","15.50"
"Ceuta","Hombres","De 70 a 74 años","2022","106.38"
"Ceuta","Hombres","De 70 a 74 años","2021","22.73"
"Ceuta","Hombres","75 y más años","2022","96.15"
"Ceuta","Hombres","75 y más años","2021","111.11"
"Ceuta","Mujeres","De 10 a 14 años","2022","178.86"
"Ceuta","Mujeres","De 10 a 14 años","2021","54.05"
"Ceuta","Mujeres","De 15 a 19 años","2022","288.89"
"Ceuta","Mujeres","De 15 a 19 años","2021","201.83"
"Ceuta","Mujeres","De 20 a 24 años","2022","215.05"
"Ceuta","Mujeres","De 20 a 24 años","2021","261.36"
"Ceuta","Mujeres","De 25 a 29 años","2022","226.09"
"Ceuta","Mujeres","De 25 a 29 años","2021","183.73"
"Ceuta","Mujeres","De 30 a 34 años","2022","156.93"
"Ceuta","Mujeres","De 30 a 34 años","2021","133.33"
"Ceuta","Mujeres","De 35 a 39 años","2022","179.55"
"Ceuta","Mujeres","De 35 a 39 años","2021","94.29"
"Ceuta","Mujeres","De 40 a 44 años","2022","111.39"
"Ceuta","Mujeres","De 40 a 44 años","2021","94.27"
"Ceuta","Mujeres","De 45 a 49 años","2022","92.59"
"Ceuta","Mujeres","De 45 a 49 años","2021","100.00"
"Ceuta","Mujeres","De 50 a 54 años","2022","40.65"
"Ceuta","Mujeres","De 50 a 54 años","2021","66.08"
"Ceuta","Mujeres","De 55 a 59 años","2022","37.04"
"Ceuta","Mujeres","De 55 a 59 años","2021","51.66"
"Ceuta","Mujeres","De 60 a 64 años","2022","31.87"
"Ceuta","Mujeres","De 60 a 64 años","2021","42.55"
"Ceuta","Mujeres","De 65 a 69 años","2022","122.45"
"Ceuta","Mujeres","De 65 a 69 años","2021","30.53"
"Ceuta","Mujeres","De 70 a 74 años","2022","161.29"
"Ceuta","Mujeres","De 70 a 74 años","2021","145.45"
"Ceuta","Mujeres","75 y más años","2022","84.51"
"Ceuta","Mujeres","75 y más años","2021","54.05"
"Melilla","Hombres","De 10 a 14 años","2022","128.82"
"Melilla","Hombres","De 10 a 14 años","2021","97.92"
"Melilla","Hombres","De 15 a 19 años","2022","155.69"
"Melilla","Hombres","De 15 a 19 años","2021","394.18"
"Melilla","Hombres","De 20 a 24 años","2022","161.74"
"Melilla","Hombres","De 20 a 24 años","2021","157.58"
"Melilla","Hombres","De 25 a 29 años","2022","214.74"
"Melilla","Hombres","De 25 a 29 años","2021","218.32"
"Melilla","Hombres","De 30 a 34 años","2022","166.39"
"Melilla","Hombres","De 30 a 34 años","2021","144.97"
"Melilla","Hombres","De 35 a 39 años","2022","145.10"
"Melilla","Hombres","De 35 a 39 años","2021","110.91"
"Melilla","Hombres","De 40 a 44 años","2022","127.11"
"Melilla","Hombres","De 40 a 44 años","2021","81.04"
"Melilla","Hombres","De 45 a 49 años","2022","104.44"
"Melilla","Hombres","De 45 a 49 años","2021","59.52"
"Melilla","Hombres","De 50 a 54 años","2022","178.73"
"Melilla","Hombres","De 50 a 54 años","2021","60.88"
"Melilla","Hombres","De 55 a 59 años","2022","151.93"
"Melilla","Hombres","De 55 a 59 años","2021","59.95"
"Melilla","Hombres","De 60 a 64 años","2022","143.11"
"Melilla","Hombres","De 60 a 64 años","2021","53.38"
"Melilla","Hombres","De 65 a 69 años","2022","158.04"
"Melilla","Hombres","De 65 a 69 años","2021","52.48"
"Melilla","Hombres","De 70 a 74 años","2022","77.78"
"Melilla","Hombres","De 70 a 74 años","2021","87.43"
"Melilla","Hombres","75 y más años","2022","112.58"
"Melilla","Hombres","75 y más años","2021","67.80"
"Melilla","Mujeres","De 10 a 14 años","2022","129.39"
"Melilla","Mujeres","De 10 a 14 años","2021","73.21"
"Melilla","Mujeres","De 15 a 19 años","2022","119.62"
"Melilla","Mujeres","De 15 a 19 años","2021","141.28"
"Melilla","Mujeres","De 20 a 24 años","2022","204.59"
"Melilla","Mujeres","De 20 a 24 años","2021","209.13"
"Melilla","Mujeres","De 25 a 29 años","2022","160.69"
"Melilla","Mujeres","De 25 a 29 años","2021","206.58"
"Melilla","Mujeres","De 30 a 34 años","2022","164.98"
"Melilla","Mujeres","De 30 a 34 años","2021","110.93"
"Melilla","Mujeres","De 35 a 39 años","2022","130.34"
"Melilla","Mujeres","De 35 a 39 años","2021","109.51"
"Melilla","Mujeres","De 40 a 44 años","2022","126.57"
"Melilla","Mujeres","De 40 a 44 años","2021","85.85"
"Melilla","Mujeres","De 45 a 49 años","2022","127.54"
"Melilla","Mujeres","De 45 a 49 años","2021","69.97"
"Melilla","Mujeres","De 50 a 54 años","2022","144.00"
"Melilla","Mujeres","De 50 a 54 años","2021","62.88"
"Melilla","Mujeres","De 55 a 59 años","2022","163.69"
"Melilla","Mujeres","De 55 a 59 años","2021","61.82"
"Melilla","Mujeres","De 60 a 64 años","2022","181.82"
"Melilla","Mujeres","De 60 a 64 años","2021","40.40"
"Melilla","Mujeres","De 65 a 69 años","2022","145.16"
"Melilla","Mujeres","De 65 a 69 años","2021","50.85"
"Melilla","Mujeres","De 70 a 74 años","2022","97.35"
"Melilla","Mujeres","De 70 a 74 años","2021","18.96"
"Melilla","Mujeres","75 y más años","2022","41.88"
"Melilla","Mujeres","75 y más años","2021","46.27"
